Rxn ID,EC Number
rxn08015,6.2.1.20
rxn08016,6.2.1.20
rxn08017,6.2.1.20
rxn08018,6.2.1.20
new_rxn00005,3.5.1.16
rxn02411,4.2.1.87
rxn00444,1.11.1.11
new_rxn00013,1.1.1.100
new_rxn00014,4.2.1.59
new_rxn00015,1.3.1.10
new_rxn00016,2.3.1.41
new_rxn00017,1.1.1.100
new_rxn00018,4.2.1.59
new_rxn00019,1.3.1.10
new_rxn00020,Undetermined
new_rxn00021,2.3.1.47
new_rxn00001,1.13.11.z
rxn01731,6.2.1.5
rxn01732,6.2.1.4
rxn01733,6.2.1.4
rxn01805,4.2.1.56
new_rxn00022,Undetermined
rxn02170,4.3.1.14
rxn07847,4.3.-.-
rxn07848,1.5.1.-
rxn05275,2.3.1.41
rxn05276,2.3.1.41
rxn05278,2.3.1.41
rxn05279,2.3.1.41
new_rxn00002,2.6.1.40
rxn11394,Undetermined
new_rxn00003,Undetermined
new_rxn00008,Undetermined
new_rxn00009,Undetermined
rxn05685,Undetermined
rxn05704,Undetermined
rxn05708,Undetermined
rxn10134,Undetermined
rxn10135,Undetermined
rxn10507,Undetermined
rxn10560,Undetermined
rxn10605,Undetermined
rxn10947,1.9.3.1
rxn11325,Undetermined
rxn11408,Undetermined
rxn12532,Undetermined
rxn12551,Undetermined
rxn13196,Undetermined
rxn13291,Undetermined
rxn13373,Undetermined
rxn13708,Undetermined
rxn13758,Undetermined
rxn13811,Undetermined
rxn13822,Undetermined
rxn01418,1.2.4.2
new_rxn00004,1.2.1.26
new_rxn00006,Undetermined
new_rxn00007,Undetermined
new_rxn00010,Undetermined
new_rxn00011,Undetermined
new_rxn00012,Undetermined
rxn00075,3.2.2.5
rxn00096,2.7.7.53
rxn00140,3.1.4.17
rxn00177,4.1.3.22
rxn00186,3.5.2.9
rxn00204,1.2.3.4
rxn00228,3.11.1.2
rxn00234,4.1.3.22
rxn00263,1.4.3.1
rxn00270,2.1.1.20
rxn00286,Undetermined
rxn00320,5.1.1.5
rxn00334,4.1.3.13
rxn00373,4.1.1.2
rxn00489,1.13.12.9
rxn00495,4.3.1.5
rxn00538,4.2.3.2
rxn00582,5.4.99.11
rxn00741,1.1.1.27
rxn00766,3.1.3.19
rxn00801,3.7.1.5
rxn00869,1.2.1.10
rxn00870,1.2.1.57
rxn00895,2.3.1.3
rxn00906,1.5.1.15
rxn00908,2.1.2.10
rxn00920,3.1.4.17
rxn00934,6.2.1.9
rxn01003,4.1.1.43
rxn01032,1.2.1.28
rxn01033,1.2.1.7
rxn01037,3.5.1.32
rxn01126,4.3.1.9
rxn01140,3.5.1.59
rxn01141,1.5.3.10
rxn01142,3.5.3.3
rxn01148,2.7.1.54
rxn01152,5.3.1.3
rxn01184,2.7.7.53
rxn01202,4.1.2.-
rxn01209,Undetermined
rxn01230,1.8.1.3
rxn01231,4.1.1.15
rxn01294,4.1.1.7
rxn01306,4.1.2.28
rxn01308,4.1.2.19
rxn01365,4.4.1.15
rxn01371,2.7.3.2
rxn01372,3.9.1.1
rxn01374,3.5.2.10
rxn01389,2.7.1.53
rxn01394,5.3.1.-
rxn01419,1.1.1.87
rxn01439,2.7.1.1
rxn01440,Undetermined
rxn01442,2.7.1.1
rxn01443,2.7.1.1
rxn01474,1.1.1.43
rxn01475,1.1.1.43
rxn01487,Undetermined
rxn01564,1.4.3.4
rxn01652,2.1.2.10
rxn01669,3.5.1.42
rxn01686,1.1.1.76
rxn01730,6.2.1.6
rxn01734,2.8.3.7
rxn01758,Undetermined
rxn01772,1.2.1.58
rxn01773,2.3.1.71
rxn01784,4.1.1.15|4.1.1.29
rxn01785,1.13.11.19
rxn01802,1.3.99.7
rxn01803,4.1.1.62
rxn01813,3.6.1.2
rxn01826,1.13.12.-
rxn01902,1.1.1.90
rxn01903,1.4.3.4
rxn01918,1.2.1.29
rxn01919,1.13.11.4
rxn01920,1.2.1.29
rxn01921,2.7.1.13
rxn01943,1.2.1.5
rxn01944,1.2.1.5
rxn02090,3.5.4.21
rxn02094,2.7.1.101
rxn02095,1.1.1.16
rxn02107,1.2.1.65
rxn02153,2.6.1.41
rxn02169,4.1.1.70
rxn02227,Undetermined
rxn02278,1.1.1.20
rxn02281,3.5.2.14
rxn02403,1.4.1.11
rxn02552,2.7.1.55
rxn02597,3.2.1.26
rxn02728,5.2.1.4
rxn02878,1.13.11.-
rxn02926,2.6.1.22
rxn03041,4.1.1.68
rxn03071,1.5.1.12
rxn03275,Undetermined
rxn03347,4.2.1.-
rxn03426,2.6.1.21
rxn03455,1.2.1.4
rxn03484,4.2.1.-
rxn03485,5.3.99.-
rxn03542,6.6.1.2
rxn03558,1.6.5.6
rxn03750,1.14.13.-
rxn03797,2.6.1.-
rxn04021,Undetermined
rxn04037,Undetermined
rxn04093,1.4.3.19
rxn04683,3.1.3.75
rxn04735,1.14.13.-
rxn04739,1.14.12.12
rxn04740,1.3.1.29
rxn04741,1.13.-.-
rxn04742,5.3.99.-
rxn04743,4.2.1.-
rxn04744,1.2.1.-
rxn04751,4.2.1.17
rxn04752,1.3.99.-
rxn04753,6.2.1.-
rxn04930,
rxn04999,1.17.5.1
rxn05011,2.1.1.157
rxn05023,3.1.2.-
rxn05047,3.1.2.25
rxn05072,5.5.1.4
rxn05123,6.3.1.11
rxn05124,1.4.3.-
rxn05128,3.5.1.94
rxn05129,Undetermined
rxn05759,1.12.7.2
rxn06963,1.20.98.1
rxn07087,1.1.99.18
rxn07251,1.6.5.2
rxn07450,4.4.1.25
rxn07454,4.99.1.7
rxn07644,4.2.1.84
rxn08110,Undetermined
rxn08113,Undetermined
rxn08118,Undetermined
rxn08392,1.3.1.9
rxn08393,1.3.1.10
rxn08443,Undetermined
rxn08445,Undetermined
rxn08679,Undetermined
rxn08733,2.8.3.8
rxn09062,3.1.3.4
rxn09064,3.1.3.4
rxn09066,3.1.3.4
rxn09068,3.1.3.4
rxn09219,Undetermined
rxn09220,Undetermined
rxn09336,Undetermined
rxn09395,1.1.1.14
rxn09432,Undetermined
rxn09467,Undetermined
rxn09468,Undetermined
rxn09559,3.1.4.17
rxn09566,1.4.3.5
rxn09888,2.1.1.37
rxn09940,Undetermined
rxn09944,1.2.1.27
rxn09967,Undetermined
rxn09973,Undetermined
rxn10008,Undetermined
rxn10099,Undetermined
rxn10101,Undetermined
rxn10139,Undetermined
rxn10588,Undetermined
rxn10609,Undetermined
rxn11729,4.1.2.42
rxn11943,2.6.1.21
rxn11945,1.3.3.-
rxn11964,1.2.3.7
rxn12263,Undetermined
rxn12264,Undetermined
rxn12288,Undetermined
rxn12739,1.5.99.2
rxn12772,Undetermined
rxn12776,Undetermined
rxn12854,Undetermined
rxn13226,Undetermined
rxn13770,Undetermined
rxn14036,1.20.98.1
rxn14209,1.14.13.-
rxn14229,1.1.5.3
rxn14299,1.3.5.2
rxn14396,1.5.7.1
rxn05247,6.2.1.3
rxn05250,6.2.1.3
rxn05408,2.3.1.0
rxn05409,2.3.1.0
rxn05410,1.1.1.0
rxn05411,4.2.1.0
rxn05412,1.3.1.0
rxn05413,2.3.1.0
rxn05414,1.1.1.0
rxn05415,4.2.1.0
rxn05416,1.3.1.0
rxn05417,2.3.1.0
rxn05418,1.1.1.0
rxn05419,4.2.1.0
rxn05420,1.3.1.0
rxn05421,2.3.1.0
rxn05422,1.1.1.0
rxn05423,4.2.1.0
rxn05424,1.3.1.0
rxn05425,2.3.1.0
rxn05426,1.1.1.0
rxn05427,4.2.1.0
rxn05428,1.3.1.0
rxn05429,2.3.1.0
rxn05430,1.1.1.0
rxn05431,4.2.1.0
rxn05432,1.3.1.0
rxn05445,1.3.1.0
rxn05446,1.3.1.0
rxn05447,1.3.1.0
rxn05448,1.3.1.0
rxn05449,1.3.1.0
rxn05450,1.3.1.0
rxn05455,2.3.1.0
rxn05456,2.3.1.0
rxn10207,2.3.1.15
rxn10210,2.3.1.15
rxn10216,2.3.1.51
rxn10219,2.3.1.51
rxn10222,2.7.7.41
rxn10225,2.7.7.41
rxn10228,2.7.8.8
rxn10231,2.7.8.8
rxn10234,4.1.1.65
rxn10237,4.1.1.65
rxn10255,2.7.1.107
rxn10258,2.7.1.107
rxn10261,2.7.8.5
rxn10264,2.7.8.5
rxn10267,3.1.3.27
rxn10270,3.1.3.27
rxn10339,Undetermined
rxn10342,Undetermined
rxn10276,Undetermined
rxn10279,Undetermined
rxn10285,Undetermined
rxn10288,Undetermined
rxn10294,2.7.8.12
rxn10297,2.7.8.12
rxn10303,2.4.1.52
rxn10306,2.4.1.52
rxn10312,2.7.8.-
rxn10315,2.7.8.-
rxn10321,Undetermined
rxn10324,Undetermined
rxn05453,2.3.1.0
rxn05249,6.2.1.3
rxn10208,2.3.1.15
rxn10217,2.3.1.51
rxn10223,2.7.7.41
rxn10229,2.7.8.8
rxn10235,4.1.1.65
rxn10256,2.7.1.107
rxn10262,2.7.8.5
rxn10268,3.1.3.27
rxn10340,Undetermined
rxn10277,Undetermined
rxn10286,Undetermined
rxn10295,2.7.8.12
rxn10304,2.4.1.52
rxn10313,2.7.8.-
rxn10322,Undetermined
rxn05451,2.3.1.0
rxn05248,6.2.1.3
rxn10209,2.3.1.15
rxn10218,2.3.1.51
rxn10224,2.7.7.41
rxn10230,2.7.8.8
rxn10236,4.1.1.65
rxn10257,2.7.1.107
rxn10263,2.7.8.5
rxn10269,3.1.3.27
rxn10341,Undetermined
rxn10278,Undetermined
rxn10287,Undetermined
rxn10296,2.7.8.12
rxn10305,2.4.1.52
rxn10314,2.7.8.-
rxn10323,Undetermined
rxn02277,6.3.3.3
rxn02296,6.2.1.14
rxn02297,2.3.1.47
rxn02312,2.6.1.62
rxn08180,2.8.1.6
rxn04704,1.3.99.22
rxn08295,2.7.1.107
rxn10272,Undetermined
rxn10281,Undetermined
rxn10290,2.7.8.12
rxn10299,2.4.1.52
rxn10308,2.7.8.-
rxn10317,Undetermined
rxn08297,2.7.1.107
rxn10271,Undetermined
rxn10280,Undetermined
rxn10289,2.7.8.12
rxn10298,2.4.1.52
rxn10307,2.7.8.-
rxn10316,Undetermined
rxn02431,2.3.1.101
rxn03085,1.5.99.11
rxn11938,1.2.99.5
rxn03079,1.5.99.9
rxn02480,3.5.4.27
rxn02363,1.14.13.3
rxn02366,1.13.11.15
rxn03040,5.3.3.10
rxn03055,1.2.1.45
rxn01945,1.14.13.3
rxn10559,Undetermined
rxn04673,2.5.1.-
rxn04674,2.1.1.-
rxn04158,Undetermined
rxn04160,1.18.-.-
rxn04161,2.5.1.62
rxn00074,1.16.1.4
rxn05515,Undetermined
rxn08194,2.5.1.17
rxn10147,Undetermined
rxn04602,1.14.13.-
rxn04603,1.13.11.16
rxn04604,3.7.1.-
rxn04598,1.14.12.19
rxn04600,1.3.1.-
rxn01364,1.1.99.25
rxn00847,1.1.99.8
rxn12571,Undetermined
rxn02029,1.4.1.12
rxn02071,1.4.3.3
rxn07584,2.7.7.63
rxn00449,1.1.3.8
rxn02279,1.1.3.8
rxn11399,Undetermined
rxn01843,3.5.1.4
rxn01840,1.2.1.5
rxn01842,6.2.1.30
rxn03407,6.3.1.2
rxn03903,2.7.8.13
rxn03933,2.4.1.227
rxn03869,3.5.1.4
rxn00584,1.3.1.25
rxn03897,1.14.12.10
rxn03898,1.14.12.10
rxn01041,1.1.1.175
rxn01751,3.1.1.68
rxn01753,4.2.1.82
rxn01028,1.3.1.2
rxn02190,3.5.2.2
rxn03188,3.5.1.6
rxn00143,3.2.2.9
rxn05958,4.4.1.21
rxn08340,Undetermined
rxn01093,2.7.7.58
rxn01094,1.3.1.28
rxn02177,3.3.2.1
rxn03126,1.8.98.1
rxn05585,Undetermined
rxn10067,Undetermined
rxn02321,5.1.3.22
rxn04928,4.1.1.85
rxn07492,3.1.1.-
rxn01489,2.5.1.32
rxn02945,2.5.1.32
rxn05031,2.5.1.32
rxn04713,2.8.3.-
rxn04712,4.1.99.-
rxn04132,Undetermined
rxn04456,Undetermined
rxn04457,Undetermined
rxn03535,2.5.1.17
rxn03540,6.3.5.10
rxn11650,1.16.8.1
rxn02791,2.3.2.2
rxn02792,2.3.2.2
rxn01324,1.1.1.153
rxn02985,1.1.1.153
rxn02986,4.2.3.12
rxn12622,Undetermined
rxn11404,Undetermined
rxn12613,Undetermined
rxn10855,Undetermined
rxn05614,Undetermined
rxn05619,TC-3.A.1.8
rxn05724,Undetermined
rxn12521,Undetermined
rxn12595,Undetermined
rxn05694,Undetermined
rxn05689,Undetermined
rxn09661,Undetermined
rxn12545,Undetermined
rxn12570,Undetermined
rxn05688,Undetermined
rxn05506,Undetermined
rxn12584,Undetermined
rxn05189,Undetermined
rxn01114,2.7.1.16
rxn01383,1.1.1.56
rxn00208,1.4.3.5
rxn01807,2.7.1.35
rxn01750,4.2.1.45
rxn00702,2.7.7.33
rxn00479,1.13.12.3
rxn02222,3.5.1.4
rxn05731,Undetermined
rxn05183,Undetermined
rxn12596,Undetermined
rxn05720,Undetermined
rxn10343,Undetermined
rxn05188,Undetermined
rxn12586,Undetermined
rxn05502,Undetermined
rxn12574,Undetermined
rxn05730,Undetermined
rxn05721,Undetermined
rxn05727,Undetermined
rxn10344,Undetermined
rxn12573,Undetermined
rxn10188,Undetermined
rxn05696,Undetermined
rxn01631,2.6.1.48
rxn01729,1.2.1.20
rxn12528,Undetermined
rxn12580,Undetermined
rxn12610,Undetermined
rxn05700,Undetermined
rxn05706,Undetermined
rxn02527,1.1.1.-
rxn08470,Undetermined
rxn01203,4.1.2.-
rxn02883,4.2.1.-
rxn05174,Undetermined
rxn12543,Undetermined
rxn05719,Undetermined
rxn12609,Undetermined
rxn05709,Undetermined
rxn05723,Undetermined
rxn05599,Undetermined
rxn12536,Undetermined
rxn12534,Undetermined
rxn12530,Undetermined
rxn12520,Undetermined
rxn10149,Undetermined
rxn05714,Undetermined
rxn00642,4.2.1.47
rxn03962,1.1.1.271
rxn05698,Undetermined
rxn00321,5.4.3.2
rxn02344,5.4.3.3
rxn12560,Undetermined
rxn12585,Undetermined
rxn00211,1.1.1.22
rxn09996,Undetermined
rxn05620,Undetermined
rxn05187,Undetermined
rxn12538,Undetermined
rxn11403,Undetermined
rxn05193,Undetermined
rxn12562,Undetermined
rxn05699,Undetermined
rxn00328,4.1.3.16
rxn02339,2.6.1.23
rxn12624,Undetermined
rxn12550,Undetermined
rxn12541,Undetermined
rxn12527,Undetermined
rxn12567,Undetermined
rxn05716,Undetermined
rxn12557,Undetermined
rxn05726,Undetermined
rxn11684,2.5.1.-
rxn07468,1.14.99.-
rxn05711,Undetermined
rxn05715,Undetermined
rxn05526,TC-2.A.51
rxn05661,Undetermined
rxn01999,2.6.1.33
rxn09289,Undetermined
rxn05629,Undetermined
rxn05697,Undetermined
rxn05692,Undetermined
rxn05507,Undetermined
rxn08086,2.3.1.51
rxn08549,2.3.1.15
rxn08085,2.3.1.51
rxn08548,2.3.1.15
rxn04724,1.14.13.1
rxn04745,1.14.13.1
rxn02875,3.5.1.28
rxn04385,4.1.1.81
rxn04384,6.3.1.10
rxn03406,6.3.1.2
rxn06799,2.1.1.37
rxn07438,1.8.4.12
rxn02569,2.7.9.3
rxn12627,Undetermined
rxn03839,3.5.1.4
rxn08087,2.3.1.51
rxn08550,2.3.1.15
rxn01416,2.8.1.1
rxn05890,1.7.2.1
rxn05501,Undetermined
rxn02853,1.2.1.3
rxn02632,1.1.1.76
rxn05647,Undetermined
rxn00675,6.2.1.1
rxn00986,6.2.1.1
rxn04748,1.14.13.1
rxn02788,5.3.2.-
rxn12577,Undetermined
rxn08345,Undetermined
rxn05105,3.1.3.77
rxn05106,3.1.3.77
rxn02518,3.6.1.19
rxn03906,1.14.13.1
rxn08089,2.3.1.51
rxn08552,2.3.1.15
rxn02275,3.5.1.4
rxn02166,3.1.3.1
rxn01450,4.1.1.43
rxn01819,3.5.3.18
rxn03384,4.1.1.37
rxn05223,Undetermined
rxn01390,2.7.1.5
rxn04016,2.1.1.144
rxn02733,6.6.1.1
rxn02959,2.1.1.11
rxn00431,1.4.99.3
rxn02313,1.1.1.-
rxn01025,3.5.4.1
rxn00433,1.5.3.1
rxn01715,1.4.3.4
rxn05251,6.2.1.3
rxn00827,2.7.7.43
rxn03446,4.2.3.1
rxn02916,Undetermined
rxn01133,2.3.1.79
rxn02596,3.2.1.22
rxn01685,1.1.1.5
rxn09988,3.2.1.55
rxn09265,2.3.1.57
rxn00792,6.2.1.11
rxn05252,6.2.1.3
rxn00016,3.2.1.52
rxn07295,1.4.3.19
rxn00999,1.13.11.27
rxn00065,4.6.1.1
rxn03838,3.2.1.22
rxn08300,2.7.1.107
rxn08298,2.7.1.107
rxn00095,3.6.1.41
rxn00206,1.15.1.1
rxn00638,1.1.1.132
rxn02122,1.2.1.3
rxn00714,3.6.1.17
rxn00331,4.1.3.24
rxn12526,Undetermined
rxn00689,6.3.2.17
rxn00038,3.1.1.22
rxn08707,2.5.1.-
rxn01709,4.2.1.28
rxn03883,1.1.1.11
rxn09450,6.2.1.3
rxn12583,Undetermined
rxn01639,3.5.3.8
rxn00768,4.2.1.30
rxn04750,1.1.1.35
rxn02028,2.1.1.5
rxn00358,5.4.99.9
rxn01259,3.2.1.10
rxn09448,6.2.1.3
rxn00776,4.2.1.70
rxn08294,2.7.1.107
rxn00775,3.6.1.13
rxn05734,Undetermined
rxn00758,3.1.4.2
rxn05024,4.1.3.36
rxn09264,2.3.1.57
rxn10335,Undetermined
rxn10334,Undetermined
rxn01210,6.3.2.12
rxn02377,1.1.1.-
rxn08296,2.7.1.107
rxn01385,1.1.1.9
rxn03409,6.3.1.2
rxn04601,1.14.13.-
rxn02925,2.6.1.18
rxn05012,2.1.3.9
rxn00882,3.1.3.25
rxn00883,3.1.3.25
rxn00543,1.1.1.1
rxn11932,1.7.99.7
rxn01653,6.3.3.2
rxn01962,3.6.1.19
rxn00484,4.1.1.28
rxn07307,4.4.1.19
rxn00514,3.6.1.8
rxn01664,Undetermined
rxn03482,3.2.1.86
rxn09992,3.2.1.86
rxn08258,Undetermined
rxn05180,Undetermined
rxn05192,Undetermined
rxn05504,Undetermined
rxn05505,Undetermined
rxn05517,Undetermined
rxn04386,Undetermined
rxn05029,2.5.1.17
rxn01420,1.1.1.87
rxn03324,1.1.1.87
rxn01581,1.5.99.3
rxn08178,Undetermined
rxn08179,Undetermined
rxn10044,"1.10.2.2,"
rxn05516,TC-3.A.3
rxn08257,Undetermined
rxn10046,"Undetermined,"
rxn12605,Undetermined
rxn05161,Undetermined
rxn05168,Undetermined
rxn05179,Undetermined
rxn05533,TC-3.A.1.5
rxn05534,TC-3.A.1.5
rxn05535,TC-3.A.1.5
rxn05536,TC-3.A.1.5
rxn05537,TC-3.A.1.5
rxn05538,TC-3.A.1.5
rxn05539,TC-3.A.1.5
rxn05540,TC-3.A.1.5
rxn05541,TC-3.A.1.5
rxn05542,TC-3.A.1.5
rxn05543,TC-3.A.1.5
rxn05544,TC-3.A.1.5
rxn05545,TC-3.A.1.5
rxn05546,TC-3.A.1.5
rxn05547,TC-3.A.1.5
rxn12848,3.A.1.5
rxn12849,3.A.1.5
rxn12850,3.A.1.5
rxn12851,3.A.1.5
rxn05146,Undetermined
rxn05152,Undetermined
rxn05155,3.A.1.3
rxn02112,1.1.1.4
rxn00871,2.3.1.19
rxn00875,2.8.3.8
rxn00990,2.8.3.8
rxn00994,2.8.3.9
rxn01236,2.7.2.7
rxn01451,1.1.1.35
rxn01453,1.1.1.36
rxn02168,4.2.1.55
rxn02345,5.1.2.3
rxn05216,Undetermined
rxn10136,Undetermined
rxn00191,2.6.1.2
rxn00283,5.1.1.1
rxn00903,2.6.1.6
rxn00904,2.6.1.66
rxn05171,Undetermined
rxn05172,3.A.1.17
rxn00327,3.5.3.19
rxn01746,3.5.3.4
rxn01747,3.5.3.9
rxn01748,3.5.2.5
rxn02102,1.1.1.154
rxn02103,1.1.1.154
rxn03842,3.5.3.9
rxn01281,1.1.1.60
rxn00231,3.5.1.4
rxn05466,Undetermined
rxn08354,Undetermined
rxn08356,Undetermined
rxn09313,Undetermined
rxn09315,Undetermined
rxn00291,3.5.1.96
rxn00394,3.5.3.1
rxn00395,3.5.3.6
rxn00467,2.6.1.13
rxn00471,4.3.1.12
rxn00503,1.5.1.12
rxn00601,2.3.1.109
rxn00856,2.6.1.29
rxn02927,3.5.3.23
rxn02944,2.6.1.81
rxn03422,1.2.1.71
rxn05151,Undetermined
rxn05154,TC-3.A.1.3
rxn05156,Undetermined
rxn05164,Undetermined
rxn05303,Undetermined
rxn10131,Undetermined
rxn00192,2.3.1.1
rxn00469,3.5.1.14
rxn00802,4.3.2.1
rxn01019,2.1.3.3
rxn01434,6.3.4.5
rxn01636,2.3.1.35
rxn01637,2.6.1.11
rxn01917,2.7.2.8
rxn02465,1.2.1.38
rxn00473,4.1.99.1
rxn00497,4.1.1.53
rxn00529,4.1.1.25
rxn01315,1.14.16.1
rxn05301,TC-2.A.3.1
rxn05306,TC-2.A.3.1
rxn05663,TC-2.A.3.1
rxn00020,3.2.1.21
rxn00222,3.2.1.74
rxn00608,3.2.1.86
rxn03481,3.2.1.86
rxn05518,Undetermined
rxn08025,3.2.1.86
rxn09978,3.2.1.21
rxn09979,3.2.1.21
rxn00540,4.1.3.39
rxn01893,4.2.1.80
rxn00737,4.3.1.19
rxn00898,4.2.1.9
rxn00902,2.3.3.13
rxn01045,1.4.1.9
rxn01573,1.4.1.9
rxn02185,2.2.1.6
rxn02187,5.4.99.3
rxn02789,4.2.1.33
rxn02811,4.2.1.33
rxn03062,1.1.1.85
rxn03068,1.1.1.86
rxn03194,2.2.1.6
rxn03435,1.1.1.86
rxn03436,1.1.1.86
rxn03437,4.2.1.9
rxn00157,2.3.1.54
rxn00868,1.3.1.44
rxn01452,1.1.1.157
rxn02167,4.2.1.17
rxn00018,4.1.1.39
rxn01111,2.7.1.19
rxn01334,4.1.2.13
rxn01345,3.1.3.11
rxn05616,TC-1.A.35
rxn10474,Undetermined
rxn01213,2.5.1.1
rxn01466,2.5.1.1
rxn00588,1.13.11.1
rxn02143,2.8.3.6
rxn02144,3.1.1.24
rxn02782,5.5.1.1
rxn02971,5.3.3.4
rxn01895,3.7.1.-
rxn03038,1.13.11.16
rxn00892,2.7.1.59
rxn01484,3.5.1.25
rxn05485,Undetermined
rxn04152,1.14.13.81
rxn04153,1.14.13.81
rxn04154,1.14.13.81
rxn11940,Undetermined
rxn11941,Undetermined
rxn11942,Undetermined
rxn00756,3.1.6.6
rxn01867,1.2.1.8
rxn01868,1.2.1.8
rxn05181,3.A.1.12
rxn05184,Undetermined
rxn10770,Undetermined
rxn01256,5.4.99.5
rxn05213,Undetermined
rxn05214,Undetermined
rxn05589,Undetermined
rxn10150,Undetermined
rxn00292,5.1.3.14
rxn01951,2.7.1.60
rxn10473,Undetermined
rxn02897,2.4.2.21
rxn03150,3.1.3.73
rxn03537,2.7.7.62
rxn03538,2.7.8.26
rxn05315,Undetermined
rxn00100,2.7.1.24
rxn00346,4.1.1.11
rxn00912,2.1.2.11
rxn01790,1.1.1.169
rxn01791,6.3.2.1
rxn02175,2.7.7.3
rxn02186,1.1.1.86
rxn02341,4.1.1.36
rxn09177,6.3.2.5
rxn10180,Undetermined
rxn12510,2.7.1.33
rxn12512,6.3.2.5
rxn02775,2.1.1.130
rxn03491,2.1.1.132
rxn03492,1.3.1.54
rxn03512,5.4.1.2
rxn03513,2.1.1.131
rxn03514,2.1.1.133
rxn03534,2.1.1.152
rxn03536,2.7.1.156
rxn03541,3.5.1.90
rxn04045,4.99.1.3
rxn04046,2.1.1.151
rxn04047,2.1.1.131
rxn04048,2.1.1.133
rxn04050,1.3.1.54
rxn04052,5.4.1.2
rxn04413,2.7.1.156
rxn05054,6.3.1.10
rxn06979,6.3.1.-
rxn07586,Undetermined
rxn07587,Undetermined
rxn07588,Undetermined
rxn07589,Undetermined
rxn10476,Undetermined
rxn11544,Undetermined
rxn11545,Undetermined
rxn01255,4.2.3.5
rxn01332,2.5.1.54
rxn01739,2.7.1.71
rxn01740,1.1.1.25
rxn02212,4.2.3.4
rxn02213,4.2.1.10
rxn02476,2.5.1.19
rxn05292,Undetermined
rxn00102,4.2.1.1
rxn05063,4.2.1.104
rxn10132,Undetermined
rxn05565,TC-2.A.3.1
rxn05572,TC-2.A.3.1
rxn07845,4.2.1.40
rxn01280,1.1.1.60
rxn01634,4.2.1.41
rxn01989,4.2.1.40
rxn01990,4.1.2.20
rxn03887,4.2.1.42
rxn00783,4.1.2.21
rxn02173,4.2.1.6
rxn02429,2.7.1.58
rxn10160,Undetermined
rxn01080,5.3.1.12
rxn01122,4.2.1.7
rxn01123,2.7.1.45
rxn01457,5.3.1.12
rxn01775,1.1.1.57
rxn01857,1.1.1.58
rxn03885,4.2.1.8
rxn05574,TC-2.A.1.14
rxn05673,TC-2.A.1.14
rxn05681,Undetermined
rxn01275,2.7.1.12
rxn01277,1.1.1.215
rxn01278,1.1.1.69
rxn01279,1.1.99.3
rxn03953,1.1.1.264
rxn03954,1.1.1.128
rxn05571,Undetermined
rxn10116,Undetermined
rxn10167,Undetermined
rxn00772,2.7.1.15
rxn00777,5.3.1.6
rxn05160,3.A.1.2
rxn05549,Undetermined
rxn05644,TC-3.A.1.2
rxn05648,Undetermined
rxn10184,Undetermined
rxn02314,2.7.1.11
rxn03856,1.1.1.251
rxn05567,Undetermined
rxn00770,2.7.6.1
rxn00790,2.4.2.14
rxn00832,3.5.4.10
rxn02895,6.3.4.13
rxn02937,6.3.3.1
rxn02938,4.1.1.21
rxn03004,2.1.2.2
rxn03084,6.3.5.3
rxn03136,4.3.2.2
rxn03137,2.1.2.3
rxn03147,6.3.2.6
rxn04783,2.1.2.-
rxn05229,Undetermined
rxn00414,6.3.5.5
rxn00710,4.1.1.23
rxn01018,2.1.3.2
rxn01360,1.3.3.1
rxn01362,2.4.2.10
rxn01465,3.5.2.3
rxn08335,1.3.3.1
rxn08336,1.3.3.1
rxn01806,1.7.99.7
rxn11937,1.7.99.6
rxn00778,5.4.2.2
rxn00784,4.1.2.4
rxn01446,2.4.2.1
rxn01859,2.4.2.1
rxn01986,5.4.2.7
rxn01987,2.7.1.15
rxn05198,Undetermined
rxn05199,Undetermined
rxn05200,Undetermined
rxn05205,Undetermined
rxn05316,Undetermined
rxn05317,Undetermined
rxn05318,Undetermined
rxn09685,Undetermined
rxn09687,Undetermined
rxn09688,Undetermined
rxn00609,5.5.1.4
rxn00881,3.1.3.25
rxn00744,2.7.1.29
rxn00745,2.7.1.121
rxn01675,2.7.7.24
rxn01997,4.2.1.46
rxn02000,5.1.3.13
rxn02003,1.1.1.133
rxn05177,Undetermined
rxn00221,3.1.3.10
rxn01107,3.1.1.17
rxn01108,1.1.1.47
rxn01109,1.1.1.47
rxn01121,4.2.1.39
rxn01476,3.1.1.31
rxn00539,4.3.1.7
rxn05551,TC-2.A.3.5
rxn05322,1.3.1.9
rxn05323,1.3.1.9
rxn05324,1.3.1.9
rxn05325,1.3.1.9
rxn05326,1.3.1.9
rxn05327,1.3.1.9
rxn05328,1.3.1.9
rxn05329,4.2.1.58
rxn05330,2.3.1.85
rxn05331,2.3.1.85
rxn05332,2.3.1.85
rxn05333,2.3.1.85
rxn05334,2.3.1.85
rxn05335,2.3.1.85
rxn05336,1.1.1.100
rxn05337,1.1.1.100
rxn05338,1.1.1.100
rxn05339,1.1.1.100
rxn05340,1.1.1.100
rxn05341,1.1.1.100
rxn05342,1.1.1.100
rxn05343,2.3.1.41
rxn05344,2.3.1.41
rxn05345,2.3.1.41
rxn05346,2.3.1.41
rxn05347,2.3.1.41
rxn05348,2.3.1.41
rxn05349,2.3.1.38
rxn05350,2.3.1.41
rxn05351,1.3.1.10
rxn05352,1.3.1.10
rxn05353,1.3.1.10
rxn05354,1.3.1.10
rxn05355,1.3.1.10
rxn05356,1.3.1.10
rxn05357,1.3.1.10
rxn05358,2.3.1.0
rxn05359,2.3.1.0
rxn05360,1.1.1.0
rxn05361,4.2.1.0
rxn05362,1.3.1.0
rxn05363,2.3.1.0
rxn05364,1.1.1.0
rxn05365,4.2.1.0
rxn05366,1.3.1.0
rxn05367,2.3.1.0
rxn05368,1.1.1.0
rxn05369,4.2.1.0
rxn05370,1.3.1.0
rxn05371,2.3.1.0
rxn05372,1.1.1.0
rxn05373,4.2.1.0
rxn05374,1.3.1.0
rxn05375,2.3.1.0
rxn05376,1.1.1.0
rxn05377,4.2.1.0
rxn05378,1.3.1.0
rxn05379,2.3.1.0
rxn05380,1.1.1.0
rxn05381,4.2.1.0
rxn05382,1.3.1.0
rxn05383,2.3.1.0
rxn05384,2.3.1.0
rxn05385,1.1.1.0
rxn05386,4.2.1.0
rxn05387,1.3.1.0
rxn05388,2.3.1.0
rxn05389,1.1.1.0
rxn05390,4.2.1.0
rxn05391,1.3.1.0
rxn05392,2.3.1.0
rxn05393,1.1.1.0
rxn05394,4.2.1.0
rxn05395,1.3.1.0
rxn05396,2.3.1.0
rxn05397,1.1.1.0
rxn05398,4.2.1.0
rxn05399,1.3.1.0
rxn05400,2.3.1.0
rxn05401,1.1.1.0
rxn05402,4.2.1.0
rxn05403,1.3.1.0
rxn05404,2.3.1.0
rxn05405,1.1.1.0
rxn05406,4.2.1.0
rxn05407,1.3.1.0
rxn05433,1.3.1.0
rxn05434,1.3.1.0
rxn05435,1.3.1.0
rxn05436,1.3.1.0
rxn05437,1.3.1.0
rxn05438,1.3.1.0
rxn05439,1.3.1.0
rxn05440,1.3.1.0
rxn05441,1.3.1.0
rxn05442,1.3.1.0
rxn05443,1.3.1.0
rxn05444,1.3.1.0
rxn05452,2.3.1.0
rxn05454,2.3.1.0
rxn05457,2.3.1.1
rxn05458,2.3.1.2
rxn05459,2.3.1.3
rxn05460,2.3.1.0
rxn05461,1.1.1.0
rxn05462,4.2.1.0
rxn05463,1.3.1.0
rxn05464,1.3.1.0
rxn05465,2.3.1.0
rxn06022,3.1.4.14
rxn06023,2.7.8.7
rxn06672,6.3.4.14
rxn06673,6.4.1.2
rxn05732,1.3.99.3
rxn05736,6.2.1.3
rxn09449,6.2.1.3
rxn10010,1.3.99.3
rxn10011,1.3.99.3
rxn10012,1.3.99.3
rxn10013,1.3.99.3
rxn10014,1.3.99.3
rxn10161,Undetermined
rxn10162,Undetermined
rxn10163,Undetermined
rxn01057,5.1.2.1
rxn08783,1.1.2.4
rxn08792,1.1.2.3
rxn08793,1.1.2.3
rxn00499,1.1.1.27
rxn00500,1.1.1.28
rxn00548,4.1.2.9
rxn01187,4.1.2.9
rxn00171,1.2.1.10
rxn00225,2.7.2.1
rxn00251,4.1.1.31
rxn00301,3.6.1.8
rxn00463,3.6.1.8
rxn00686,1.5.1.3
rxn00690,3.5.4.9
rxn00692,2.1.2.1
rxn00907,1.5.1.5
rxn01257,2.6.1.85
rxn01351,3.6.1.19
rxn01521,3.1.3.5
rxn01602,1.5.1.3
rxn01603,6.3.2.12
rxn02200,2.5.1.15
rxn02201,2.5.1.15
rxn02503,2.7.6.3
rxn02504,4.1.2.25
rxn03167,3.1.3.1
rxn03168,3.6.1.-
rxn03173,3.6.1.-
rxn03841,4.1.3.38
rxn00552,3.5.99.6
rxn00555,2.6.1.16
rxn00558,5.3.1.9
rxn00604,1.1.1.49
rxn00786,4.1.2.13
rxn01115,1.1.1.44
rxn01477,4.2.1.12
rxn02380,5.3.1.9
rxn03884,4.1.2.14
rxn00371,1.2.1.2
rxn10114,1.2.2.1
rxn10118,1.18.99.1
rxn00817,3.2.1.20
rxn00818,3.2.1.22
rxn05147,Undetermined
rxn05170,3.A.1.1
rxn05173,3.A.1.2
rxn01492,2.7.1.56
rxn05560,Undetermined
rxn01870,4.1.2.13
rxn00194,4.1.1.15
rxn00509,1.2.1.16
rxn01204,2.6.1.19
rxn05126,1.2.1.-
rxn05127,1.2.1.-
rxn06937,6.1.1.17
rxn00085,1.4.1.13
rxn00182,1.4.1.2
rxn00187,6.3.1.2
rxn00189,3.5.1.2
rxn00193,5.1.1.3
rxn00260,2.6.1.1
rxn00340,6.3.1.1
rxn00342,3.5.1.1
rxn00347,3.5.1.38
rxn00416,6.3.5.4
rxn12822,1.4.7.1
rxn03975,1.5.1.29
rxn00086,1.8.1.7
rxn00205,1.11.1.9
rxn00350,2.3.2.2
rxn00351,6.3.2.3
rxn00646,6.3.2.2
rxn01403,6.3.1.8
rxn01015,5.3.1.22
rxn00066,1.11.1.1
rxn00611,1.1.1.8
rxn00612,1.1.1.94
rxn00614,1.1.3.21
rxn00615,2.7.1.30
rxn00616,1.1.99.5
rxn00762,1.1.1.6
rxn01073,3.1.4.2
rxn05158,Undetermined
rxn05578,Undetermined
rxn08556,1.1.99.5
rxn08557,1.1.99.5
rxn08558,1.1.99.5
rxn08669,3.1.4.46
rxn00763,1.1.1.1
rxn01102,2.7.1.31
rxn01286,1.2.1.3
rxn08083,2.3.1.51
rxn08084,2.3.1.51
rxn08088,2.3.1.51
rxn08199,3.6.1.26
rxn08200,3.6.1.26
rxn08201,3.6.1.26
rxn08202,3.6.1.26
rxn08203,3.6.1.26
rxn08204,3.6.1.26
rxn08205,3.6.1.26
rxn08299,2.7.1.107
rxn08306,2.7.7.41
rxn08307,2.7.7.41
rxn08308,2.7.7.41
rxn08309,2.7.7.41
rxn08310,2.7.7.41
rxn08311,2.7.7.41
rxn08312,2.7.7.41
rxn08546,2.3.1.15
rxn08547,2.3.1.15
rxn08551,2.3.1.15
rxn09101,3.1.3.27
rxn09102,3.1.3.27
rxn09103,3.1.3.27
rxn09104,3.1.3.27
rxn09105,3.1.3.27
rxn09106,3.1.3.27
rxn09107,3.1.3.27
rxn09108,2.7.8.5
rxn09109,2.7.8.5
rxn09110,2.7.8.5
rxn09111,2.7.8.5
rxn09112,2.7.8.5
rxn09113,2.7.8.5
rxn09114,2.7.8.5
rxn09197,4.1.1.65
rxn09198,4.1.1.65
rxn09199,4.1.1.65
rxn09200,4.1.1.65
rxn09201,4.1.1.65
rxn09202,4.1.1.65
rxn09203,4.1.1.65
rxn09205,2.7.8.8
rxn09206,2.7.8.8
rxn09207,2.7.8.8
rxn09208,2.7.8.8
rxn09209,2.7.8.8
rxn09210,2.7.8.8
rxn09211,2.7.8.8
rxn10202,2.3.1.15
rxn10203,2.3.1.15
rxn10204,2.3.1.15
rxn10205,2.3.1.15
rxn10206,2.3.1.15
rxn10211,2.3.1.51
rxn10212,2.3.1.51
rxn10213,2.3.1.51
rxn10214,2.3.1.51
rxn10215,2.3.1.51
rxn10220,2.7.7.41
rxn10221,2.7.7.41
rxn10226,2.7.8.8
rxn10227,2.7.8.8
rxn10232,4.1.1.65
rxn10233,4.1.1.65
rxn10253,2.7.1.107
rxn10254,2.7.1.107
rxn10259,2.7.8.5
rxn10260,2.7.8.5
rxn10265,3.1.3.27
rxn10266,3.1.3.27
rxn10336,Undetermined
rxn10337,Undetermined
rxn10338,Undetermined
rxn06377,1.4.4.2
rxn06493,1.8.1.4
rxn06600,2.1.2.10
rxn09296,Undetermined
rxn05740,2.4.1.1
rxn08126,2.4.1.25
rxn08127,2.4.1.25
rxn08128,2.4.1.25
rxn08129,2.4.1.25
rxn08615,2.4.1.21
rxn08941,Undetermined
rxn08942,Undetermined
rxn08943,Undetermined
rxn00324,1.1.1.79
rxn00333,1.1.3.15
rxn00512,1.1.1.26
rxn00979,1.2.1.21
rxn00980,3.1.3.18
rxn01011,1.1.1.26
rxn01013,1.1.1.79
rxn00459,4.2.1.11
rxn00549,3.1.3.11
rxn00551,2.7.1.90
rxn00779,1.2.1.9
rxn00781,1.2.1.12
rxn00782,1.2.1.12
rxn01100,2.7.2.3
rxn01106,5.4.2.1
rxn01343,2.7.1.11
rxn01977,5.1.3.15
rxn00330,2.3.3.9
rxn00336,4.1.3.1
rxn00029,4.2.1.24
rxn00060,2.5.1.61
rxn00224,4.99.1.1
rxn00599,2.3.1.37
rxn01629,5.4.3.8
rxn02056,4.99.1.4
rxn02264,4.2.1.75
rxn02287,2.1.1.107
rxn02288,4.1.1.37
rxn02303,1.3.3.3
rxn02304,1.3.3.4
rxn02774,1.3.1.76
rxn06591,1.2.1.70
rxn00545,2.7.1.11
rxn03886,1.1.1.140
rxn05563,Undetermined
rxn10187,Undetermined
rxn00789,2.4.2.17
rxn00863,1.1.1.23
rxn02159,1.1.1.23
rxn02160,3.1.3.15
rxn02320,2.6.1.9
rxn02473,4.2.1.19
rxn02834,3.6.1.31
rxn02835,3.5.4.19
rxn03135,Undetermined
rxn00375,3.5.1.68
rxn00867,4.3.1.3
rxn01640,3.5.3.13
rxn01641,2.1.2.5
rxn01642,3.5.2.7
rxn02085,4.2.1.49
rxn00137,3.1.3.7
rxn00361,2.7.1.25
rxn00379,2.7.7.4
rxn00623,1.8.1.2
rxn05153,Undetermined
rxn05176,Undetermined
rxn05239,1.8.4.8
rxn05256,1.8.4.10
rxn05651,TC-2.A.53
rxn05902,1.8.7.1
rxn05937,1.18.1.2
rxn09240,2.7.7.4
rxn11934,1.8.99.2
rxn00501,1.2.1.18
rxn00879,1.1.1.18
rxn00880,1.13.99.1
rxn01176,4.1.2.29
rxn02007,4.2.1.44
rxn03932,2.7.1.92
rxn05593,Undetermined
rxn12146,Undetermined
rxn12147,Undetermined
rxn00676,2.3.1.16
rxn01575,2.6.1.42
rxn02268,1.3.99.2
rxn02270,1.3.99.3
rxn02933,1.1.1.35
rxn02934,4.2.1.17
rxn03239,1.1.1.35
rxn03242,1.1.1.35
rxn03244,1.1.1.35
rxn03246,1.1.1.35
rxn03249,1.1.1.35
rxn06335,2.3.1.168
rxn07434,1.2.4.4
rxn07435,1.2.4.4
rxn05293,Undetermined
rxn08352,Undetermined
rxn08756,Undetermined
rxn00295,5.1.3.7
rxn01117,5.3.1.13
rxn02331,2.5.1.55
rxn02404,3.1.3.45
rxn02405,2.7.7.38
rxn03130,3.6.1.-
rxn03146,3.5.1.-
rxn03159,2.4.1.182
rxn03181,2.7.1.130
rxn03182,2.-.-.-
rxn03439,2.-.-.-
rxn06723,2.3.1.-
rxn06729,2.3.1.129
rxn06848,2.3.1.-
rxn06865,2.3.1.-
rxn01289,1.1.1.46
rxn01292,5.3.1.4
rxn01633,4.2.1.43
rxn01763,2.7.1.16
rxn01828,4.2.1.25
rxn01830,3.1.1.15
rxn05500,Undetermined
rxn01911,1.1.1.130
rxn01912,1.1.1.130
rxn04082,5.1.3.4
rxn01615,1.1.1.77
rxn01620,4.1.2.17
rxn02263,5.3.1.25
rxn02319,2.7.1.51
rxn01621,4.1.2.19
rxn01761,5.3.1.14
rxn02161,2.7.1.5
rxn05598,Undetermined
rxn05646,Undetermined
rxn05602,Undetermined
rxn00355,2.7.7.10
rxn00787,4.1.2.40
rxn00808,2.7.1.6
rxn00816,3.2.1.108
rxn01171,5.1.3.3
rxn02318,5.3.1.26
rxn02332,3.2.1.85
rxn05162,Undetermined
rxn10169,Undetermined
rxn10865,Undetermined
rxn00290,2.8.3.5
rxn00804,1.4.1.9
rxn00806,2.6.1.6
rxn00988,6.2.1.16
rxn00991,4.1.3.4
rxn01504,4.2.1.18
rxn02866,1.3.99.3
rxn02889,6.4.1.4
rxn06586,2.3.1.168
rxn07432,1.2.4.4
rxn07433,1.2.4.4
rxn03511,5.1.3.20
rxn03916,2.7.-.-
rxn03917,5.-.-.-
rxn03918,2.7.-.-
rxn03919,3.1.-.-
rxn08583,2.4.1.-
rxn08618,2.4.1.-
rxn08619,2.4.1.-
rxn08620,2.4.1.-
rxn08708,2.7.-.-
rxn08709,Undetermined
rxn08710,2.4.1.-
rxn08711,2.4.1.-
rxn08712,2.4.1.-
rxn08713,2.4.1.56
rxn08954,Undetermined
rxn00202,2.3.3.14
rxn00510,1.5.1.7
rxn01423,2.6.1.39
rxn01663,1.5.1.10
rxn02466,4.2.1.36
rxn03034,4.2.1.36
rxn04656,Undetermined
rxn04657,2.7.2.-
rxn04658,1.2.1.-
rxn04659,2.6.1.-
rxn04660,3.5.1.-
rxn00313,4.1.1.20
rxn01644,4.2.1.52
rxn01972,3.5.1.47
rxn01973,3.5.1.18
rxn01974,5.1.1.7
rxn01991,1.4.1.16
rxn02929,1.3.1.26
rxn03030,2.3.1.89
rxn03031,2.3.1.117
rxn03086,2.6.1.-
rxn03087,2.6.1.17
rxn07441,2.6.1.83
rxn00312,1.13.12.2
rxn00322,4.1.1.18
rxn00511,1.5.1.8
rxn01578,1.5.1.1
rxn01579,1.5.1.1
rxn01580,1.5.3.7
rxn01630,3.5.1.30
rxn01662,1.5.1.9
rxn10148,Undetermined
rxn13782,Undetermined
rxn13783,Undetermined
rxn13784,Undetermined
rxn12206,Undetermined
rxn12432,Undetermined
rxn00022,3.2.1.20
rxn00575,3.2.1.20
rxn00607,3.2.1.122
rxn01132,2.4.1.8
rxn01967,5.4.2.6
rxn05607,Undetermined
rxn05608,Undetermined
rxn05746,Undetermined
rxn08933,Undetermined
rxn08934,Undetermined
rxn08935,Undetermined
rxn08936,Undetermined
rxn09989,Undetermined
rxn10174,Undetermined
rxn00546,1.1.1.17
rxn05617,Undetermined
rxn00559,5.3.1.8
rxn00640,2.7.7.22
rxn00641,2.7.7.13
rxn00975,2.7.1.1
rxn01329,5.4.2.8
rxn05610,Undetermined
rxn05612,Undetermined
rxn01258,5.4.4.2
rxn02831,6.2.1.26
rxn02832,4.2.1.-
rxn11702,2.2.1.9
rxn11703,4.2.99.20
rxn02011,6.3.2.13
rxn00126,2.5.1.6
rxn00141,3.3.1.1
rxn00423,2.3.1.30
rxn00452,2.1.1.10
rxn00566,4.4.1.1
rxn00649,2.5.1.47
rxn00693,2.1.1.13
rxn00740,2.5.1.48
rxn00742,4.4.1.1
rxn00910,1.5.1.20
rxn00950,4.4.1.8
rxn00952,2.5.1.49
rxn00953,4.2.1.22
rxn01300,2.7.1.39
rxn01302,1.1.1.3
rxn01303,2.3.1.31
rxn01304,2.3.1.46
rxn01816,2.5.1.48
rxn02302,2.5.1.49
rxn03052,2.1.1.14
rxn04954,1.5.1.20
rxn05733,4.2.99.8
rxn05957,2.5.1.48
rxn06078,2.5.1.49
rxn11944,2.1.1.-
rxn01022,2.4.2.28
rxn02894,2.7.1.100
rxn03057,5.3.1.23
rxn05092,1.13.11.54
rxn05104,4.2.1.109
rxn05108,2.6.1.5
rxn00289,4.1.3.30
rxn00679,2.3.3.5
rxn03060,4.2.1.79
rxn03061,4.2.1.99
rxn00748,4.2.3.3
rxn01053,1.2.1.22
rxn01274,3.1.2.6
rxn01618,1.2.1.49
rxn01834,4.4.1.5
rxn00829,4.1.1.33
rxn00830,5.3.3.2
rxn01454,2.3.3.10
rxn01501,1.1.1.34
rxn01607,2.7.1.36
rxn02322,2.7.4.2
rxn03843,2.5.1.-
rxn03907,2.7.7.60
rxn03908,2.7.1.148
rxn03909,2.2.1.7
rxn03910,4.6.1.12
rxn03958,1.1.1.267
rxn04113,1.17.1.2
rxn04308,2.5.1.31
rxn04996,1.17.1.2
rxn00114,2.7.2.2
rxn00173,2.3.1.8
rxn00239,2.7.4.8
rxn00747,5.3.1.1
rxn01509,2.7.4.8
rxn09562,2.7.4.8
rxn02113,4.1.1.5
rxn09167,1.2.2.2
rxn00214,5.1.3.2
rxn00178,2.3.1.9
rxn00874,2.3.1.9
rxn00947,6.2.1.3
rxn02680,2.3.1.16
rxn02804,2.3.1.16
rxn03243,2.3.1.16
rxn03248,2.3.1.16
rxn06510,2.3.1.16
rxn00262,1.4.3.2
rxn00077,2.7.1.23
rxn00105,2.7.7.1
rxn00138,6.3.1.5
rxn00190,6.3.5.1
rxn00338,1.4.3.16
rxn00478,1.13.11.11
rxn00938,3.5.1.19
rxn00941,2.4.2.12
rxn01265,2.4.2.11
rxn01437,3.5.1.9
rxn01438,1.14.13.9
rxn01646,2.4.2.1
rxn01670,3.1.3.5
rxn01671,2.7.1.22
rxn01927,1.13.11.6
rxn01930,3.7.1.3
rxn02155,2.7.7.1
rxn02402,2.4.2.19
rxn02988,Undetermined
rxn02989,Undetermined
rxn05117,1.4.1.21
rxn05119,1.4.1.21
rxn10060,2.7.1.23
rxn10181,Undetermined
rxn00568,1.7.1.4
rxn00569,1.7.1.4
rxn03978,1.7.2.2
rxn05627,Undetermined
rxn05893,1.7.7.1
rxn10120,1.7.99.4
rxn10121,Undetermined
rxn06874,1.18.6.1
rxn01519,3.6.1.19
rxn00691,3.5.1.10
rxn01654,4.3.1.4
rxn00056,1.16.3.1
rxn00785,2.2.1.1
rxn01116,5.1.3.1
rxn01200,2.2.1.1
rxn01333,2.2.1.2
rxn01975,1.1.1.49
rxn06077,1.8.4.13
rxn00461,2.5.1.7
rxn00851,6.3.2.4
rxn02008,6.3.2.9
rxn02285,1.1.1.158
rxn02286,6.3.2.8
rxn03408,2.4.1.227
rxn03904,2.7.8.13
rxn10199,Undetermined
rxn03164,6.3.2.10
rxn00490,4.2.1.51
rxn00493,2.6.1.1
rxn00525,1.3.1.43
rxn00526,1.3.1.43
rxn00527,2.6.1.1
rxn01268,1.3.1.12
rxn01269,1.3.1.13
rxn01270,2.6.1.57
rxn01000,4.2.1.51
rxn04597,1.14.12.19
rxn04599,1.3.1.-
rxn10133,Undetermined
rxn00001,3.6.1.1
rxn00083,1.6.1.1
rxn00743,3.1.3.1
rxn02449,3.6.1.11
rxn05312,TC-2.A.20
rxn05313,TC-2.A.58
rxn11268,Undetermined
rxn00537,3.11.1.1
rxn05470,Undetermined
rxn05493,TC-2.A.1.6
rxn08655,Undetermined
rxn08656,Undetermined
rxn08657,Undetermined
rxn00127,4.1.1.50
rxn00405,4.1.1.19
rxn00470,4.1.1.17
rxn00853,3.5.1.53
rxn00858,3.5.3.11
rxn01021,3.2.2.9
rxn01029,3.5.3.12
rxn01406,2.5.1.16
rxn01851,1.2.1.3
rxn05687,Undetermined
rxn10182,Undetermined
rxn00992,1.1.1.30
rxn05484,Undetermined
rxn05683,Undetermined
rxn12405,Undetermined
rxn01486,2.5.1.29
rxn03891,2.5.1.30
rxn03892,2.5.1.33
rxn05287,Undetermined
rxn12008,Undetermined
rxn05206,1.A.1
rxn05221,Undetermined
rxn05638,Undetermined
rxn08291,1.4.99.1
rxn10945,Undetermined
rxn00179,2.7.2.11
rxn00184,1.4.1.3
rxn00929,1.5.1.2
rxn00931,1.5.1.2
rxn02373,1.2.1.41
rxn00183,1.5.1.12
rxn00196,1.2.1.26
rxn00932,1.14.11.2
rxn01635,3.5.4.22
rxn02359,1.5.1.12
rxn02360,5.1.1.8
rxn02946,1.4.3.3
rxn09188,1.5.99.8
rxn00670,2.3.1.8
rxn00769,4.2.1.30
rxn01879,1.1.1.21
rxn00602,5.4.99.2
rxn00672,4.1.1.41
rxn01355,6.4.1.3
rxn01996,5.1.99.1
rxn00006,1.11.1.6
rxn00175,6.2.1.1
rxn00669,6.2.1.13
rxn00650,3.4.11.2
rxn09953,Undetermined
rxn12633,Undetermined
rxn12634,Undetermined
rxn12635,Undetermined
rxn12636,Undetermined
rxn12637,Undetermined
rxn12638,Undetermined
rxn12639,Undetermined
rxn12640,Undetermined
rxn12641,Undetermined
rxn12642,Undetermined
rxn12643,Undetermined
rxn12644,Undetermined
rxn12645,Undetermined
rxn12646,Undetermined
rxn12844,3.4.11.2
rxn12845,3.4.11.2
rxn12846,3.4.11.2
rxn12847,3.4.11.2
rxn00598,2.3.1.16
rxn01192,1.13.11.3
rxn02369,5.5.1.2
rxn02483,4.1.1.44
rxn00082,1.14.13.39
rxn00302,3.5.4.16
rxn00400,1.14.13.39
rxn01313,1.5.1.34
rxn01314,1.5.1.34
rxn03174,3.5.4.16
rxn03236,4.2.1.96
rxn03419,3.5.4.16
rxn03421,3.5.4.16
rxn04989,1.14.16.1
rxn00097,2.7.4.3
rxn00131,3.2.2.4
rxn00132,3.1.3.5
rxn00134,2.7.1.20
rxn00139,2.4.2.7
rxn00237,2.7.4.6
rxn00800,4.3.2.2
rxn00831,3.1.3.5
rxn00834,1.1.1.205
rxn00835,2.7.1.73
rxn00836,2.4.2.8
rxn00837,1.7.1.7
rxn00838,6.3.4.4
rxn00839,2.7.4.6
rxn00913,3.1.3.5
rxn00914,2.7.1.73
rxn00915,2.4.2.7
rxn00916,6.3.4.1
rxn00917,6.3.5.2
rxn00926,3.5.4.2
rxn00927,3.2.2.1
rxn01127,2.7.4.3
rxn01137,3.5.4.4
rxn01138,2.4.2.1
rxn01225,3.5.4.3
rxn01226,3.2.2.1
rxn01299,3.2.2.1
rxn01352,3.1.5.1
rxn01353,2.7.4.6
rxn01358,2.4.2.1
rxn01444,2.7.1.113
rxn01445,3.1.3.5
rxn01507,3.1.3.5
rxn01508,2.7.1.76
rxn01544,2.4.2.8
rxn01545,3.2.2.1
rxn01548,2.4.2.1
rxn01649,2.4.2.1
rxn01858,3.5.4.4
rxn01961,3.1.3.5
rxn01985,2.4.2.1
rxn02400,3.1.3.5
rxn10052,2.7.4.3
rxn01297,1.17.1.4
rxn01298,1.17.3.2
rxn01522,1.17.1.4
rxn01523,1.7.3.3
rxn01524,1.17.3.2
rxn05197,TC-2.A.40
rxn05201,Undetermined
rxn05202,TC-2.A.40
rxn05682,Undetermined
rxn09657,Undetermined
rxn00124,2.7.1.35
rxn00209,1.4.3.5
rxn01331,1.2.1.72
rxn01396,2.7.1.35
rxn02939,1.1.1.290
rxn03445,2.6.1.52
rxn03951,1.1.1.262
rxn04070,2.6.99.2
rxn05144,Undetermined
rxn01252,1.1.3.12
rxn00117,2.7.4.6
rxn00118,2.7.4.10
rxn00362,3.2.2.10
rxn00363,3.1.3.5
rxn00364,2.7.4.14
rxn00365,2.7.1.48
rxn00368,2.7.1.48
rxn00369,2.7.1.48
rxn00407,3.5.4.13
rxn00408,3.6.1.5
rxn00409,2.7.4.6
rxn00410,6.3.4.2
rxn00412,6.3.4.2
rxn00515,2.7.4.6
rxn00707,2.7.1.48
rxn00708,3.1.3.5
rxn00709,2.7.1.48
rxn00711,2.4.2.9
rxn00712,2.7.1.48
rxn00713,2.7.1.48
rxn00715,2.7.1.48
rxn00717,3.5.4.1
rxn01128,2.7.1.48
rxn01129,2.7.1.48
rxn01143,2.7.1.21
rxn01145,3.1.3.5
rxn01146,2.4.2.4
rxn01218,3.1.3.5
rxn01219,2.7.4.14
rxn01366,2.4.2.3
rxn01368,3.5.4.5
rxn01370,2.7.1.48
rxn01510,2.7.1.48
rxn01512,2.7.4.6
rxn01513,2.7.4.9
rxn01515,2.7.1.48
rxn01516,2.7.1.48
rxn01517,2.7.4.4
rxn01518,2.7.1.21
rxn01520,2.1.1.45
rxn01647,2.4.2.1
rxn01648,2.4.2.2
rxn01672,3.5.4.13
rxn01673,2.7.4.6
rxn01674,2.7.1.48
rxn01678,2.7.4.6
rxn01679,2.7.1.48
rxn01705,2.7.1.48
rxn01706,2.7.1.48
rxn01799,2.4.2.1
rxn01800,3.5.4.5
rxn02522,3.1.4.16
rxn02762,3.1.4.16
rxn04464,2.1.1.148
rxn05289,1.8.1.9
rxn00654,3.5.1.6
rxn00720,1.3.1.2
rxn01626,3.5.2.2
rxn00165,4.3.1.17
rxn00166,4.3.1.18
rxn00272,2.6.1.44
rxn00278,1.4.1.1
rxn00656,2.6.1.18
rxn00849,2.6.1.21
rxn01285,4.1.1.73
rxn01847,1.1.1.93
rxn04143,1.1.1.93
rxn05207,Undetermined
rxn05208,Undetermined
rxn05604,Undetermined
rxn10152,Undetermined
rxn10153,Undetermined
rxn10154,Undetermined
rxn00147,2.7.9.2
rxn00148,2.7.1.40
rxn00151,2.7.9.1
rxn00159,1.1.1.38
rxn00160,1.1.1.83
rxn00161,1.1.1.38
rxn00162,4.1.1.3
rxn00247,4.1.1.49
rxn00250,6.4.1.1
rxn00305,4.1.1.32
rxn01103,3.6.1.7
rxn00011,1.2.4.1
rxn00152,1.2.3.3
rxn00172,6.2.1.13
rxn00227,3.6.1.7
rxn00506,1.2.1.3
rxn00544,4.1.1.1
rxn01871,2.3.1.12
rxn02342,1.2.4.1
rxn05938,1.2.7.1
rxn01188,4.2.1.-
rxn08971,1.6.5.3
rxn08975,1.6.5.3
rxn08976,1.6.5.3
rxn08977,1.6.99.6
rxn08978,1.6.99.6
rxn08979,1.6.99.6
rxn10122,1.6.5.3
rxn10123,1.6.5.3
rxn10124,1.6.5.3
rxn00145,1.1.2.3
rxn00146,1.1.2.4
rxn00629,1.1.1.11
rxn00634,1.1.1.14
rxn01199,2.7.1.17
rxn05039,3.1.3.-
rxn00048,2.5.1.9
rxn00122,2.7.7.2
rxn00300,3.5.4.25
rxn00392,2.7.1.26
rxn02474,1.1.1.193
rxn02475,3.5.4.26
rxn03080,2.5.1.9
rxn05040,Undetermined
rxn05231,1.17.4.1
rxn05232,1.17.4.2
rxn05233,1.17.4.1
rxn05234,1.17.4.2
rxn05235,1.17.4.2
rxn05236,1.17.4.2
rxn06075,1.17.4.1
rxn06076,1.17.4.1
rxn00420,3.1.3.3
rxn01101,1.1.1.95
rxn02914,2.6.1.52
rxn00422,2.6.1.51
rxn01211,3.5.4.9
rxn00293,2.7.7.23
rxn00297,5.1.3.14
rxn00897,5.1.3.8
rxn01316,2.5.1.56
rxn01322,4.1.3.3
rxn01485,5.4.2.10
rxn01506,5.1.3.9
rxn03638,2.3.1.157
rxn02046,3.1.3.3
rxn05209,Undetermined
rxn00242,3.1.7.2
rxn00303,2.7.6.5
rxn10113,Undetermined
rxn10126,Undetermined
rxn10806,Undetermined
rxn00213,2.7.7.9
rxn00216,2.7.1.1
rxn00695,2.7.7.27
rxn00704,5.4.2.2
rxn01169,2.7.1.1
rxn00547,2.7.1.1
rxn00577,2.4.1.7
rxn01737,3.2.1.26
rxn02760,3.2.1.26
rxn00199,1.1.1.42
rxn00248,1.1.1.37
rxn00256,2.3.3.1
rxn00257,2.3.3.8
rxn00265,4.1.3.6
rxn00285,6.2.1.5
rxn00288,1.3.99.1
rxn00441,1.2.4.2
rxn00505,1.1.1.41
rxn00799,4.2.1.2
rxn00935,1.1.99.16
rxn00973,4.2.1.3
rxn00974,4.2.1.3
rxn01241,1.8.1.4
rxn01387,1.1.1.42
rxn01388,4.2.1.3
rxn01872,2.3.1.61
rxn02376,1.2.4.2
rxn05939,1.2.7.3
rxn08527,1.3.99.1
rxn08528,1.3.99.1
rxn08900,1.1.99.16
rxn08901,1.1.99.16
rxn09272,1.3.99.1
rxn00621,2.7.7.39
rxn03901,3.6.1.27
rxn08040,Undetermined
rxn10192,2.7.8.12
rxn10193,2.4.1.52
rxn10194,3.6.3.40
rxn10195,3.6.3.40
rxn10196,3.6.3.40
rxn10197,Undetermined
rxn10273,Undetermined
rxn10274,Undetermined
rxn10275,Undetermined
rxn10282,Undetermined
rxn10283,Undetermined
rxn10284,Undetermined
rxn10291,2.7.8.12
rxn10292,2.7.8.12
rxn10293,2.7.8.12
rxn10300,2.4.1.52
rxn10301,2.4.1.52
rxn10302,2.4.1.52
rxn10309,2.7.8.-
rxn10310,2.7.8.-
rxn10311,2.7.8.-
rxn10318,Undetermined
rxn10319,Undetermined
rxn10320,Undetermined
rxn00058,1.9.3.1
rxn05528,TC-3.A.3
rxn10043,"1.9.3.1,"
rxn10481,Undetermined
rxn00245,4.2.1.32
rxn00269,1.4.3.3
rxn00438,2.7.4.16
rxn00440,2.7.6.2
rxn01537,3.5.99.2
rxn01538,2.7.1.89
rxn02305,2.5.1.3
rxn02484,2.7.1.49
rxn03075,2.7.1.50
rxn03108,2.7.4.7
rxn09997,Undetermined
rxn00985,2.7.2.1
rxn04794,2.3.1.54
rxn00337,2.7.2.4
rxn01069,4.2.3.1
rxn01301,1.1.1.3
rxn01643,1.2.1.11
rxn00274,2.3.1.29
rxn00541,4.1.2.5
rxn01068,1.1.1.103
rxn01833,1.4.3.4
rxn05319,Undetermined
rxn05467,Undetermined
rxn05667,Undetermined
rxn05149,3.A.1.15
rxn05618,TC-2.A.55
rxn00101,3.5.1.5
rxn05150,TC-3.A.1.15
rxn00605,2.4.1.15
rxn01134,5.4.99.16
rxn01966,2.4.1.64
rxn02004,3.1.3.12
rxn00007,3.2.1.28
rxn00606,3.2.1.93
rxn02005,2.7.1.69
rxn04020,2.4.1.216
rxn05225,Undetermined
rxn05226,Undetermined
rxn05573,Undetermined
rxn05611,Undetermined
rxn08796,3.1.1.5
rxn08797,3.1.1.5
rxn08798,3.1.1.5
rxn08799,3.1.1.5
rxn08800,3.1.1.5
rxn08801,3.1.1.5
rxn08802,3.1.1.5
rxn08803,3.1.1.5
rxn08804,3.1.1.5
rxn08805,3.1.1.5
rxn08806,3.1.1.5
rxn08807,3.1.1.5
rxn08808,3.1.1.5
rxn08809,3.1.1.5
rxn08810,3.1.1.5
rxn08811,3.1.1.5
rxn08812,3.1.1.5
rxn08813,3.1.1.5
rxn08814,3.1.1.5
rxn08815,3.1.1.5
rxn08816,3.1.1.5
rxn08817,3.1.1.5
rxn08818,3.1.1.5
rxn08819,3.1.1.5
rxn08820,3.1.1.5
rxn08821,3.1.1.5
rxn08822,3.1.1.5
rxn08823,3.1.1.5
rxn08838,3.1.1.5
rxn08839,3.1.1.5
rxn08840,3.1.1.5
rxn08841,3.1.1.5
rxn08842,3.1.1.5
rxn08843,3.1.1.5
rxn08844,3.1.1.5
rxn08845,3.1.1.5
rxn08846,3.1.1.5
rxn08847,3.1.1.5
rxn08848,3.1.1.5
rxn08849,3.1.1.5
rxn08850,3.1.1.5
rxn08851,3.1.1.5
rxn09123,3.1.1.32
rxn09124,3.1.1.32
rxn09125,3.1.1.32
rxn09126,3.1.1.32
rxn09127,3.1.1.32
rxn09128,3.1.1.32
rxn09129,3.1.1.32
rxn09130,3.1.1.32
rxn09131,3.1.1.32
rxn09132,3.1.1.32
rxn09133,3.1.1.32
rxn09134,3.1.1.32
rxn09135,3.1.1.32
rxn09136,3.1.1.32
rxn09137,3.1.1.32
rxn09138,3.1.1.32
rxn09139,3.1.1.32
rxn09140,3.1.1.32
rxn09141,3.1.1.32
rxn09142,3.1.1.32
rxn09143,3.1.1.32
rxn09144,3.1.1.4
rxn09145,3.1.1.4
rxn09146,3.1.1.4
rxn09147,3.1.1.4
rxn09148,3.1.1.4
rxn09149,3.1.1.4
rxn09150,3.1.1.4
rxn09151,3.1.1.4
rxn09152,3.1.1.4
rxn09153,3.1.1.4
rxn09154,3.1.1.4
rxn09155,3.1.1.4
rxn09156,3.1.1.4
rxn09157,3.1.1.4
rxn09158,3.1.1.4
rxn09159,3.1.1.4
rxn09160,3.1.1.4
rxn09161,3.1.1.4
rxn09162,3.1.1.4
rxn09163,3.1.1.4
rxn09164,3.1.1.4
rxn12500,Undetermined
rxn10127,Undetermined
rxn10128,Undetermined
rxn00299,3.5.4.16
rxn00474,4.2.1.20
rxn00726,4.1.3.27
rxn00727,4.1.3.27
rxn00791,2.4.2.18
rxn01682,4.1.2.8
rxn01964,4.2.1.20
rxn02507,4.1.1.48
rxn02508,5.3.1.24
rxn03175,5.3.1.16
rxn00966,4.1.3.40
rxn03393,4.1.1.-
rxn03394,Undetermined
rxn03395,2.1.1.64
rxn03397,2.1.1.-
rxn03893,2.5.1.-
rxn04139,1.14.13.-
rxn11946,2.1.1.64
rxn12224,Undetermined
rxn01483,2.3.1.4
rxn01505,5.4.2.3
rxn02898,4.1.3.36
rxn08333,Undetermined
rxn00010,4.1.1.47
rxn00062,3.6.1.3
rxn00119,2.7.4.4
rxn00174,4.1.1.9
rxn00212,3.6.1.8
rxn00424,2.6.1.45
rxn00508,1.2.1.16
rxn00533,6.4.1.2
rxn00567,1.7.2.1
rxn00589,1.14.13.1
rxn00751,2.7.1.32
rxn00872,1.3.3.6
rxn01201,1.1.1.61
rxn01207,1.2.1.25
rxn01208,1.1.1.85
rxn01217,3.5.4.12
rxn01291,1.1.1.21
rxn01404,3.5.1.78
rxn01459,1.2.1.3
rxn02171,5.3.3.3
rxn02269,1.2.1.25
rxn02346,4.1.2.20
rxn02356,1.5.1.2
rxn02358,1.5.1.2
rxn02374,Undetermined
rxn02521,3.1.4.16
rxn02666,Undetermined
rxn02900,2.6.1.37
rxn02911,4.2.1.17
rxn03012,Undetermined
rxn03240,4.2.1.17
rxn03241,4.2.1.17
rxn03245,4.2.1.17
rxn03247,4.2.1.17
rxn03250,4.2.1.17
rxn03483,3.1.4.16
rxn03630,1.14.11.17
rxn03641,Undetermined
rxn03642,Undetermined
rxn03643,4.1.2.-
rxn03644,5.-.-.-
rxn03852,2.4.1.187
rxn03931,Undetermined
rxn03974,1.5.1.29
rxn03990,1.14.12.17
rxn03991,1.14.12.17
rxn04133,Undetermined
rxn04454,4.1.99.-
rxn04675,2.5.1.64
rxn05064,4.2.1.104
rxn05107,3.1.3.77
rxn05116,1.1.1.262
rxn05145,TC-3.A.1.7
rxn05148,Undetermined
rxn05159,Undetermined
rxn05163,Undetermined
rxn05165,Undetermined
rxn05166,Undetermined
rxn05175,Undetermined
rxn05195,Undetermined
rxn05203,Undetermined
rxn05204,Undetermined
rxn05211,TC-2.A.1.6
rxn05215,Undetermined
rxn05217,Undetermined
rxn05219,Undetermined
rxn05237,Undetermined
rxn05243,Undetermined
rxn05244,Undetermined
rxn05255,Undetermined
rxn05294,Undetermined
rxn05295,Undetermined
rxn05296,Undetermined
rxn05297,Undetermined
rxn05298,Undetermined
rxn05299,Undetermined
rxn05300,Undetermined
rxn05305,Undetermined
rxn05307,TC-2.A.42
rxn05308,Undetermined
rxn05468,Undetermined
rxn05469,Undetermined
rxn05471,Undetermined
rxn05473,Undetermined
rxn05474,Undetermined
rxn05476,Undetermined
rxn05477,Undetermined
rxn05478,Undetermined
rxn05479,Undetermined
rxn05480,Undetermined
rxn05481,Undetermined
rxn05482,Undetermined
rxn05486,Undetermined
rxn05487,Undetermined
rxn05488,TC-2.A.1.13
rxn05491,Undetermined
rxn05494,TC-2.A.3.1
rxn05496,Undetermined
rxn05497,Undetermined
rxn05508,Undetermined
rxn05511,Undetermined
rxn05512,Undetermined
rxn05514,TC-2.A.19
rxn05519,Undetermined
rxn05525,Undetermined
rxn05527,Undetermined
rxn05531,Undetermined
rxn05552,Undetermined
rxn05555,Undetermined
rxn05557,Undetermined
rxn05559,Undetermined
rxn05561,TC-2.A.56
rxn05564,Undetermined
rxn05566,Undetermined
rxn05568,Undetermined
rxn05569,Undetermined
rxn05577,Undetermined
rxn05579,TC-2.A.1.6
rxn05581,Undetermined
rxn05582,TC-2.A.3.1
rxn05594,Undetermined
rxn05596,TC-2.A.37
rxn05603,Undetermined
rxn05605,TC-2.A.56
rxn05609,Undetermined
rxn05613,Undetermined
rxn05621,Undetermined
rxn05622,Undetermined
rxn05625,Undetermined
rxn05630,Undetermined
rxn05634,TC-2.A.20
rxn05636,Undetermined
rxn05639,Undetermined
rxn05640,Undetermined
rxn05643,Undetermined
rxn05645,Undetermined
rxn05649,TC-2.A.3.1
rxn05654,TC-2.A.56
rxn05655,Undetermined
rxn05656,Undetermined
rxn05659,Undetermined
rxn05665,Undetermined
rxn05669,Undetermined
rxn05672,Undetermined
rxn05674,Undetermined
rxn05676,Undetermined
rxn05679,Undetermined
rxn05680,Undetermined
rxn05684,Undetermined
rxn05686,Undetermined
rxn05691,Undetermined
rxn05717,Undetermined
rxn05718,Undetermined
rxn05722,Undetermined
rxn05725,Undetermined
rxn05729,Undetermined
rxn05735,Undetermined
rxn05737,Undetermined
rxn06526,1.8.1.8
rxn06777,1.1.1.35
rxn06991,1.17.4.3
rxn08014,6.2.1.20
rxn08021,6.2.1.20
rxn08440,Undetermined
rxn08467,Undetermined
rxn08468,Undetermined
rxn08469,Undetermined
rxn08471,Undetermined
rxn09067,3.1.3.4
rxn09180,1.3.3.4
rxn09225,Undetermined
rxn09310,Undetermined
rxn09422,Undetermined
rxn09436,Undetermined
rxn09655,Undetermined
rxn09674,Undetermined
rxn09678,Undetermined
rxn09690,Undetermined
rxn09692,Undetermined
rxn09699,Undetermined
rxn10042,"3.6.3.14,"
rxn10094,Undetermined
rxn10117,1.18.99.1
rxn10119,1.18.99.1
rxn10125,1.6.1.1
rxn10145,Undetermined
rxn10155,Undetermined
rxn10157,Undetermined
rxn10168,Undetermined
rxn10175,Undetermined
rxn10176,Undetermined
rxn10183,Undetermined
rxn10191,6.1.1.13
rxn10238,3.1.3.4
rxn10239,3.1.3.4
rxn10368,3.1.1.5
rxn10369,3.1.1.5
rxn10370,3.1.1.5
rxn10371,3.1.1.5
rxn10372,3.1.1.5
rxn10373,3.1.1.5
rxn10375,3.1.1.32
rxn10376,3.1.1.32
rxn10377,3.1.1.32
rxn10378,3.1.1.4
rxn10379,3.1.1.4
rxn10380,3.1.1.4
rxn10447,Undetermined
rxn10537,Undetermined
rxn10571,Undetermined
rxn10823,Undetermined
rxn10824,Undetermined
rxn10832,Undetermined
rxn10857,Undetermined
rxn10868,Undetermined
rxn10892,Undetermined
rxn10895,Undetermined
rxn10954,Undetermined
rxn11334,Undetermined
rxn11397,Undetermined
rxn11398,Undetermined
rxn11400,Undetermined
rxn11401,Undetermined
rxn11402,Undetermined
rxn11407,Undetermined
rxn12225,Undetermined
rxn12376,Undetermined
rxn12519,Undetermined
rxn12522,Undetermined
rxn12524,Undetermined
rxn12533,Undetermined
rxn12535,Undetermined
rxn12537,Undetermined
rxn12539,Undetermined
rxn12547,Undetermined
rxn12549,Undetermined
rxn12553,Undetermined
rxn12556,Undetermined
rxn12559,Undetermined
rxn12561,Undetermined
rxn12563,Undetermined
rxn12566,Undetermined
rxn12575,Undetermined
rxn12582,Undetermined
rxn12587,Undetermined
rxn12588,Undetermined
rxn12590,Undetermined
rxn12591,Undetermined
rxn12597,Undetermined
rxn12612,Undetermined
rxn12617,Undetermined
rxn12623,Undetermined
rxn00002,3.5.1.54
rxn00560,6.3.4.6
rxn00671,1.2.1.27
rxn01480,1.1.1.31
rxn01923,1.3.99.2
rxn01924,1.3.99.3
rxn01925,2.3.1.168
rxn02949,4.2.1.17
rxn03433,3.1.2.4
rxn07430,1.2.4.4
rxn07431,1.2.4.4
rxn00223,5.3.1.5
rxn01044,5.3.1.5
rxn05167,Undetermined
rxn05671,Undetermined
